{"cameraMode":{"drawMode":0,"name":"Shaded","section":"Shading Mode"},"sceneLighting":true,"audioPlay":false,"sceneViewState":{"m_AlwaysRefresh":false,"showFog":true,"showSkybox":true,"showFlares":true,"showImageEffects":true,"showParticleSystems":true,"showVisualEffectGraphs":true,"m_FxEnabled":true},"in2DMode":false,"pivot":{"x":-0.03306208550930023,"y":4.140680313110352,"z":0.7144449949264526},"rotation":{"x":-0.04200434684753418,"y":-0.016136711463332177,"z":0.0003573601716198027,"w":-0.9991797208786011},"size":4.280187129974365,"orthographic":false}