{"cameraMode":{"drawMode":0,"name":"Shaded","section":"Shading Mode"},"sceneLighting":true,"audioPlay":false,"sceneViewState":{"m_AlwaysRefresh":false,"showFog":true,"showSkybox":true,"showFlares":true,"showImageEffects":true,"showParticleSystems":true,"showVisualEffectGraphs":true,"m_FxEnabled":true},"in2DMode":false,"pivot":{"x":-6.044284343719482,"y":28.485637664794923,"z":-17.31159782409668},"rotation":{"x":-0.14343369007110597,"y":0.036047954112291339,"z":-0.005717559717595577,"w":-0.989251434803009},"size":2.708036184310913,"orthographic":false}