{"cameraMode":{"drawMode":0,"name":"Shaded","section":"Shading Mode"},"sceneLighting":true,"audioPlay":false,"sceneViewState":{"m_AlwaysRefresh":false,"showFog":true,"showSkybox":true,"showFlares":true,"showImageEffects":true,"showParticleSystems":true,"showVisualEffectGraphs":true,"m_FxEnabled":true},"in2DMode":false,"pivot":{"x":476.378662109375,"y":110.00076293945313,"z":611.3426513671875},"rotation":{"x":-0.04888024926185608,"y":0.0009080665186047554,"z":-0.00005843385952175595,"w":-0.9988225698471069},"size":567.6651000976563,"orthographic":false}