{"cameraMode":{"drawMode":0,"name":"Shaded","section":"Shading Mode"},"sceneLighting":true,"audioPlay":false,"sceneViewState":{"m_AlwaysRefresh":false,"showFog":true,"showSkybox":true,"showFlares":true,"showImageEffects":true,"showParticleSystems":true,"showVisualEffectGraphs":true,"m_FxEnabled":true},"in2DMode":false,"pivot":{"x":-5.018644332885742,"y":-0.545637845993042,"z":-14.197019577026368},"rotation":{"x":0.0006537358858622611,"y":0.9871662259101868,"z":-0.1613507866859436,"w":-0.004044128581881523},"size":5.104202747344971,"orthographic":false}