{"cameraMode":{"drawMode":0,"name":"Shaded","section":"Shading Mode"},"sceneLighting":true,"audioPlay":false,"sceneViewState":{"m_AlwaysRefresh":false,"showFog":true,"showSkybox":true,"showFlares":true,"showImageEffects":true,"showParticleSystems":true,"showVisualEffectGraphs":true,"m_FxEnabled":true},"in2DMode":false,"pivot":{"x":-0.9358599185943604,"y":1.6334247589111329,"z":-0.26762306690216067},"rotation":{"x":0.15995001792907716,"y":-0.8338916301727295,"z":0.31389039754867556,"w":0.42494168877601626},"size":1.9223896265029908,"orthographic":false}