{"cameraMode":{"drawMode":0,"name":"Shaded","section":"Shading Mode"},"sceneLighting":true,"audioPlay":false,"sceneViewState":{"m_AlwaysRefresh":false,"showFog":true,"showSkybox":true,"showFlares":true,"showImageEffects":true,"showParticleSystems":true,"showVisualEffectGraphs":true,"m_FxEnabled":true},"in2DMode":false,"pivot":{"x":-0.12700790166854859,"y":3.764519691467285,"z":-4.802023410797119},"rotation":{"x":-0.2312980592250824,"y":-0.41445276141166689,"z":0.10976183414459229,"w":-0.8733343482017517},"size":1.0187300443649293,"orthographic":false}