{"cameraMode":{"drawMode":0,"name":"Shaded","section":"Shading Mode"},"sceneLighting":true,"audioPlay":false,"sceneViewState":{"m_AlwaysRefresh":false,"showFog":true,"showSkybox":true,"showFlares":true,"showImageEffects":true,"showParticleSystems":true,"showVisualEffectGraphs":true,"m_FxEnabled":true},"in2DMode":false,"pivot":{"x":-11.399672508239746,"y":3.6066019535064699,"z":49.23583221435547},"rotation":{"x":0.005710120312869549,"y":-0.10697434842586518,"z":0.003131188452243805,"w":0.994562566280365},"size":32.89105224609375,"orthographic":false}