{"cameraMode":{"drawMode":0,"name":"Shaded","section":"Shading Mode"},"sceneLighting":false,"audioPlay":false,"sceneViewState":{"m_AlwaysRefresh":false,"showFog":true,"showSkybox":false,"showFlares":true,"showImageEffects":true,"showParticleSystems":true,"showVisualEffectGraphs":true,"m_FxEnabled":true},"in2DMode":false,"pivot":{"x":598.2360229492188,"y":280.93011474609377,"z":-0.44286417961120608},"rotation":{"x":0.30817487835884097,"y":-0.037100378423929217,"z":0.014151680283248425,"w":0.9508227705955505},"size":1.097601294517517,"orthographic":false}