{"cameraMode":{"drawMode":0,"name":"Shaded","section":"Shading Mode"},"sceneLighting":false,"audioPlay":false,"sceneViewState":{"m_AlwaysRefresh":false,"showFog":true,"showSkybox":false,"showFlares":true,"showImageEffects":true,"showParticleSystems":true,"showVisualEffectGraphs":true,"m_FxEnabled":true},"in2DMode":false,"pivot":{"x":-0.130452960729599,"y":1.9043586254119874,"z":1.323268175125122},"rotation":{"x":0.004515728913247585,"y":0.015551353804767132,"z":0.0003950178506784141,"w":1.000044822692871},"size":0.24814796447753907,"orthographic":false}