{"cameraMode":{"drawMode":0,"name":"Shaded","section":"Shading Mode"},"sceneLighting":false,"audioPlay":false,"sceneViewState":{"m_AlwaysRefresh":false,"showFog":true,"showSkybox":false,"showFlares":true,"showImageEffects":true,"showParticleSystems":true,"showVisualEffectGraphs":true,"m_FxEnabled":true},"in2DMode":false,"pivot":{"x":-0.03866666927933693,"y":3.093319892883301,"z":-2.929352045059204},"rotation":{"x":0.1521311104297638,"y":-0.06015383079648018,"z":0.009683799929916859,"w":0.9866577982902527},"size":1.2247449159622193,"orthographic":false}