{"cameraMode":{"drawMode":0,"name":"Shaded","section":"Shading Mode"},"sceneLighting":false,"audioPlay":false,"sceneViewState":{"m_AlwaysRefresh":false,"showFog":true,"showSkybox":false,"showFlares":true,"showImageEffects":true,"showParticleSystems":true,"showVisualEffectGraphs":true,"m_FxEnabled":true},"in2DMode":false,"pivot":{"x":-4.443896293640137,"y":0.009135335683822632,"z":-3.084188222885132},"rotation":{"x":-0.15243050456047059,"y":0.6309553980827332,"z":-0.12902824580669404,"w":-0.7500154972076416},"size":0.5852452516555786,"orthographic":false}